<?xml version="1.0" encoding="UTF-8"?>
<config xmlns="http://www.knime.org/2008/09/XMLConfig" xmlns:xsi="http://www.w3.org/2001/XMLSchema-instance" xsi:schemaLocation="http://www.knime.org/2008/09/XMLConfig http://www.knime.org/XMLConfig_2008_09.xsd" key="MiningSchema">
    <config key="learning">
        <entry key="array-size" type="xint" value="13"/>
        <entry key="0" type="xstring" value="age"/>
        <entry key="1" type="xstring" value="sex"/>
        <entry key="2" type="xstring" value="cp"/>
        <entry key="3" type="xstring" value="trestbps"/>
        <entry key="4" type="xstring" value="chol"/>
        <entry key="5" type="xstring" value="fbs"/>
        <entry key="6" type="xstring" value="restecg"/>
        <entry key="7" type="xstring" value="thalach"/>
        <entry key="8" type="xstring" value="exang"/>
        <entry key="9" type="xstring" value="oldpeak"/>
        <entry key="10" type="xstring" value="slope"/>
        <entry key="11" type="xstring" value="ca"/>
        <entry key="12" type="xstring" value="thal"/>
    </config>
    <config key="target">
        <entry key="array-size" type="xint" value="1"/>
        <entry key="0" type="xstring" value="target"/>
    </config>
</config>
